Titre,Date de sortie,Réalisateur,Genre,Nombre d'entrées
Southern raise money,2012-07-10,Michael Webster,Horreur,21772750
Network knowledge,2015-12-08,Megan Scott,Documentaire,10835360
Data,2016-01-18,Bobby Coleman,Romance,42939038
Himself write,2023-02-08,Anthony Daniels,Romance,305515
Agency several,1988-01-07,Anthony Daniels,Comédie,26505143
Party do small beyond culture article,1983-12-24,Austin Caldwell,Animation,48472684
Political develop direction,2021-05-23,Anthony Daniels,Animation,6882771
Energy,1985-05-07,Michael Webster,Animation,12575010
Its fill mind local,1989-01-06,Michael Webster,Drame,37091966
Say small that short a,2020-02-29,Lisa Romero,Science-fiction,6049581
Think show,1984-08-12,Lisa Romero,Drame,32553519
Success less carry,2006-04-11,Michael Webster,Documentaire,38581689
Over strong explain full edge,1992-06-11,Bobby Coleman,Romance,35491465
Professor country over above brother worry,1969-07-09,Bobby Coleman,Documentaire,29628271
Avoid although matter before,1957-08-08,Brian Rosales,Documentaire,15709318
Food chair even national upon,1998-02-10,Bobby Coleman,Comédie,23960499
Training window,2013-11-10,Michael Webster,Horreur,16827948
Group analysis central,1968-08-19,Austin Caldwell,Thriller,22040427
Per sport word task challenge,1954-05-25,Anthony Daniels,Animation,9209243
Whose father,1955-03-01,Anthony Daniels,Horreur,30951032
Thank single,1977-03-07,Michael Phillips,Romance,25578344
Many,2008-12-10,Brian Rosales,Science-fiction,48764937
Local,1983-10-24,Bobby Coleman,Action,48603850
Reflect reach anyone,2000-05-03,Lisa Romero,Fantasy,40960551
Wonder nearly trial,1977-07-10,Michael Webster,Horreur,5108403
Response discuss hear people reach they,1960-07-09,Anthony Daniels,Fantasy,5103877
Certain night,1954-01-28,Bobby Coleman,Drame,11431531
Top soon ago friend,1953-08-05,Bobby Coleman,Thriller,44381871
Apply where sound cover,1966-11-17,Megan Scott,Drame,7404843
Son meeting,1952-02-01,Bobby Coleman,Horreur,20724087
Cost enough later cost box create,2009-08-31,Taylor Romero,Animation,34399184
Decision she Mr evening,2005-09-30,Megan Scott,Science-fiction,106647
Discuss career difference,1978-01-21,Brian Rosales,Animation,36844340
Event partner stage admit he,1956-03-09,Brian Rosales,Science-fiction,38093965
More policy apply accept,1951-03-03,Brian Rosales,Action,8506693
Clearly remember,2018-09-18,Taylor Romero,Documentaire,43405635
Purpose,2018-02-22,Megan Scott,Horreur,48573572
Well occur money wide,1963-08-30,Brian Rosales,Documentaire,26300086
Idea radio free today,2002-08-25,Bobby Coleman,Animation,33439520
She do those would,2019-07-05,Lisa Romero,Science-fiction,11757261
Community organization find western,2014-10-29,Anthony Daniels,Horreur,13445236
Vote short prove,1965-07-02,Michael Webster,Action,29862545
Recent green,2000-01-23,Bobby Coleman,Comédie,10164011
By toward piece rock build young window,1955-04-09,Michael Webster,Drame,49764877
Clear less,1994-09-25,Daniel Hubbard,Thriller,32540014
Anyone around,2015-01-28,Austin Caldwell,Comédie,28362090
Energy learn,2004-06-20,Michael Phillips,Romance,44755449
Either send later,1983-06-16,Michael Phillips,Horreur,32486196
Game decision teach ball clearly,2019-11-28,Anthony Daniels,Animation,6799053
Art hear rock stand Mrs,1977-12-07,Brian Rosales,Science-fiction,22204164
Baby,1993-09-30,Brian Rosales,Horreur,21082944
Eight since,1999-11-19,Lisa Romero,Animation,48621635
Dinner both situation idea vote,1961-05-28,Austin Caldwell,Action,41531194
Yes commercial hundred role,1998-07-16,Brian Rosales,Action,38191428
Leave central mouth lead,1959-07-25,Michael Webster,Animation,34971365
Hot girl size,1992-12-13,Brian Rosales,Science-fiction,41081607
Statement wide require material,2013-02-23,Taylor Romero,Action,45269195
Pattern become,2018-07-05,Anthony Daniels,Documentaire,23222991
Role guy fear maintain set five,1964-09-17,Megan Scott,Horreur,6450963
Role they,1997-12-14,Lisa Romero,Romance,12365267
Dog that,1976-03-27,Taylor Romero,Horreur,25392005
Car society indicate believe relate,1957-06-04,Brian Rosales,Documentaire,2910453
Even allow general rise,1992-05-22,Megan Scott,Horreur,18431144
Partner detail,1987-11-22,Brian Rosales,Drame,34429310
National tax everyone relate,1950-07-26,Michael Webster,Thriller,13687376
Dog continue him deep,1973-11-18,Austin Caldwell,Drame,42275248
Word staff,1999-12-30,Lisa Romero,Science-fiction,25568176
Investment,2020-07-19,Megan Scott,Thriller,21588046
Short election test,1972-03-11,Daniel Hubbard,Thriller,38002086
I could often,1974-04-20,Brian Rosales,Romance,33201771
However speak interview,2005-04-13,Austin Caldwell,Comédie,11672203
Attention improve inside manage,1990-01-14,Michael Phillips,Romance,10756562
Answer accept property call,1977-12-01,Michael Phillips,Comédie,18960001
Commercial base home,2007-03-12,Lisa Romero,Action,44477344
Family act determine people oil,2008-03-21,Anthony Daniels,Animation,5019191
Professional stand put black herself face,1952-03-21,Lisa Romero,Thriller,23745540
Game level cell account draw onto,1983-08-25,Daniel Hubbard,Horreur,39451429
Activity green,2014-10-03,Bobby Coleman,Drame,45575998
Service want analysis,1978-06-20,Austin Caldwell,Romance,13943653
Enjoy,1969-04-14,Michael Phillips,Documentaire,37312620
Region budget,1969-03-04,Bobby Coleman,Drame,14290100
Which score part anything per,2022-11-29,Bobby Coleman,Action,33323422
Factor not career grow,1984-04-26,Megan Scott,Thriller,10968865
Story assume necessary character miss,1992-05-12,Michael Phillips,Comédie,40511934
Off,1978-09-23,Taylor Romero,Science-fiction,44572761
Part,2013-07-14,Lisa Romero,Drame,48421629
Defense control,2018-08-16,Lisa Romero,Thriller,40152158
Technology speak,1973-02-26,Lisa Romero,Action,28212178
Evidence rate while sure,2009-05-14,Bobby Coleman,Animation,7951478
Individual peace argue others around,1990-10-12,Lisa Romero,Animation,31335673
Role lawyer bill,1999-05-22,Daniel Hubbard,Drame,21392435
Future government,1991-12-26,Michael Webster,Animation,21875898
Huge pass,1971-03-22,Megan Scott,Drame,33187704
Child,1966-03-24,Brian Rosales,Documentaire,48573729
Now bit specific,1993-05-07,Michael Webster,Science-fiction,3576735
Box fly continue center,1955-10-21,Bobby Coleman,Fantasy,2912245
Report well here everybody before,1974-04-24,Michael Webster,Comédie,13821095
Rather mention some story,2015-01-03,Megan Scott,Drame,40842245
Including whole up describe along,1987-01-18,Taylor Romero,Romance,20427774
Trip,1978-01-17,Michael Webster,Science-fiction,7726567
Catch question,1976-06-05,Michael Webster,Action,27746184
Court,1973-03-09,Megan Scott,Thriller,18299911
Wall quality manage school physical notice,1986-03-28,Anthony Daniels,Fantasy,9228965
Pressure theory,1950-04-06,Michael Webster,Comédie,46042094
Stay also positive structure,1974-01-11,Austin Caldwell,Drame,4281114
Upon home bed these break,2001-02-16,Megan Scott,Action,30891365
Walk through,1954-01-25,Brian Rosales,Fantasy,40780394
Method up see,1974-09-11,Brian Rosales,Drame,30312586
Change dinner family,2007-05-07,Taylor Romero,Action,34800131
Eye lay production shake,1955-10-25,Brian Rosales,Horreur,329845
Would because hard relate interview paper,1985-04-08,Lisa Romero,Action,32441637
Recently skill,2007-04-24,Bobby Coleman,Fantasy,6160553
Administration suffer fine kind power rather,2008-02-28,Daniel Hubbard,Horreur,4708875
Expert thought offer already,2013-08-28,Anthony Daniels,Action,29113889
Include personal often,1983-03-16,Austin Caldwell,Documentaire,10877087
Easy stop simply foot little,2012-09-18,Lisa Romero,Thriller,21602115
Act option,2009-12-10,Megan Scott,Drame,21668765
Character very early,2002-11-27,Taylor Romero,Comédie,34781352
Magazine national positive,1992-06-19,Brian Rosales,Action,33564293
Father research,1994-12-25,Taylor Romero,Comédie,7026187
Drug religious,1987-08-04,Michael Phillips,Horreur,32420507
Building,2017-01-15,Daniel Hubbard,Romance,906636
Make hand daughter,2019-09-18,Lisa Romero,Science-fiction,27858310
Sport let card,2006-12-29,Bobby Coleman,Science-fiction,36544995
Every,2019-11-16,Austin Caldwell,Romance,29981948
Let box choose exactly not,1972-12-23,Anthony Daniels,Drame,11162150
Face mention necessary,1951-07-03,Bobby Coleman,Documentaire,29421836
Detail threat,1992-04-09,Brian Rosales,Fantasy,39159416
Among real,1999-08-06,Michael Phillips,Comédie,3029035
Station only others whose,2007-02-01,Bobby Coleman,Thriller,10627781
Performance treatment challenge team fall have,1981-02-13,Brian Rosales,Romance,22409933
Appear property article,2016-12-20,Michael Webster,Science-fiction,23748920
Garden tonight until,1973-03-29,Brian Rosales,Action,37001299
Fish effort,1953-11-21,Anthony Daniels,Comédie,3290829
Century general artist,1973-11-10,Michael Phillips,Action,12411971
Billion pressure vote boy,1968-08-21,Michael Phillips,Action,43108251
Bad cause what staff general gas,1997-05-06,Anthony Daniels,Comédie,21058138
Really focus enjoy job,1993-05-10,Lisa Romero,Animation,402458
Change,1955-01-20,Anthony Daniels,Science-fiction,34509987
Court off light,1979-12-15,Michael Phillips,Romance,15685103
Free image among,1965-11-11,Taylor Romero,Science-fiction,46583188
Whether agency decide,1978-03-03,Bobby Coleman,Fantasy,14706019
Want place far decade listen,2023-11-18,Lisa Romero,Documentaire,589578
Newspaper property our four sense,1990-09-27,Megan Scott,Documentaire,9966038
Campaign,1980-01-11,Michael Phillips,Documentaire,3241379
Force section increase,2007-10-02,Taylor Romero,Romance,37042577
Defense,1980-08-03,Michael Webster,Drame,35713384
Clearly how way sure since they,2021-05-21,Lisa Romero,Comédie,31723065
Manager action fire key,1997-11-21,Michael Webster,Drame,31886745
Foreign,1954-08-12,Michael Webster,Documentaire,31798743
Tree system,2003-02-18,Megan Scott,Comédie,7274594
House none management for,1972-10-21,Megan Scott,Fantasy,23784839
Firm determine benefit,1980-07-29,Daniel Hubbard,Horreur,18933423
During back something,1995-11-09,Austin Caldwell,Drame,7122131
Score kind,1971-03-18,Austin Caldwell,Science-fiction,15733894
Trial recent certain man week,1999-02-08,Megan Scott,Romance,28701731
Body,1989-01-11,Michael Phillips,Animation,15965061
Civil,1963-08-10,Austin Caldwell,Drame,33813126
Body,1973-08-16,Austin Caldwell,Documentaire,35597491
Of young shoulder receive director,1969-09-06,Taylor Romero,Drame,8317810
My class performance,1996-06-20,Michael Phillips,Documentaire,29434812
Material less,1974-10-04,Daniel Hubbard,Animation,5491962
Car,1978-08-14,Daniel Hubbard,Drame,18700962
Produce offer figure,1993-03-28,Anthony Daniels,Animation,6482729
Product chance commercial,2021-09-19,Taylor Romero,Action,18746189
Adult common,1966-01-30,Lisa Romero,Animation,5453656
Tend point condition,1966-12-09,Bobby Coleman,Drame,17464520
Read area ten read,2014-01-13,Lisa Romero,Drame,21857387
Break,1960-10-23,Michael Webster,Action,2950002
Fight leave team image,1962-01-18,Brian Rosales,Documentaire,22142775
Could land race too,1964-06-26,Bobby Coleman,Comédie,19767602
Really forget change near,1952-09-09,Taylor Romero,Drame,583418
Human character say trial better,1991-09-30,Lisa Romero,Romance,4407558
Wife action method night house,1974-03-10,Michael Webster,Action,8765035
Point whose might debate six development,2015-11-30,Taylor Romero,Documentaire,10475831
Past individual my,1967-03-19,Austin Caldwell,Animation,41173269
Mrs about ok,1989-11-08,Taylor Romero,Science-fiction,38201618
Art good,1966-03-31,Austin Caldwell,Horreur,29693750
Story like maintain prove,1998-10-17,Taylor Romero,Fantasy,29256053
As price light,1997-09-04,Brian Rosales,Romance,30798834
Exactly pretty positive through expect,1967-11-14,Daniel Hubbard,Documentaire,26927774
Party eat,1994-04-13,Anthony Daniels,Thriller,7417472
Reason catch open,1991-09-01,Michael Phillips,Horreur,24916730
Establish to,2015-10-18,Daniel Hubbard,Fantasy,16189830
White car ground through,1977-06-17,Daniel Hubbard,Romance,432619
Long blue technology option campaign task,1960-03-09,Anthony Daniels,Action,38357685
Coach,1977-12-04,Daniel Hubbard,Science-fiction,4734807
Machine collection,2009-04-12,Michael Phillips,Thriller,38480650
Onto threat,2010-04-08,Lisa Romero,Drame,5769929
Board something force,1976-05-23,Taylor Romero,Documentaire,19859692
Throw person others,1974-12-31,Lisa Romero,Drame,20942855
Population work position class,1959-06-03,Michael Webster,Comédie,15328856
Sport process impact,1955-09-18,Bobby Coleman,Thriller,29507858
Clearly source improve short,1969-03-27,Lisa Romero,Horreur,13915786
Issue bad paper,1961-07-06,Austin Caldwell,Fantasy,1266392
Record detail,2017-07-27,Megan Scott,Comédie,30941782
Cup front despite agency such,1962-09-24,Brian Rosales,Horreur,36190960
Watch also,1986-03-25,Daniel Hubbard,Documentaire,38365996
Arm,1995-09-14,Taylor Romero,Animation,47599488
Young your life car,2010-10-06,Lisa Romero,Horreur,40484512
Paper range dark,1969-12-27,Michael Phillips,Animation,17518092
Series action,1988-10-04,Austin Caldwell,Drame,35321113
Street trade woman,1994-02-08,Daniel Hubbard,Horreur,1205919
Claim off also here,1954-01-06,Daniel Hubbard,Animation,6569722
Research month woman institution keep,2002-04-12,Daniel Hubbard,Comédie,17467813
Well summer fear responsibility when,1981-04-18,Lisa Romero,Drame,46182281
Course couple air draw,2015-10-12,Michael Phillips,Documentaire,4911142
Your,2006-12-14,Michael Webster,Fantasy,5646243
Throw everything matter Mr car tell,1993-07-27,Taylor Romero,Fantasy,9042266
Themselves with he care management,1983-05-11,Michael Phillips,Fantasy,24829854
Follow debate environmental,2020-12-18,Austin Caldwell,Action,27800176
Answer remain chair,1952-09-06,Daniel Hubbard,Science-fiction,20112777
If list,2018-11-09,Brian Rosales,Action,1541031
Floor environment,1967-03-18,Austin Caldwell,Animation,13635677
House attention without,2007-06-16,Michael Phillips,Romance,20990270
Drive,1986-06-27,Austin Caldwell,Documentaire,24529622
Environmental not,1968-05-23,Michael Phillips,Documentaire,489676
Through his play bill cup,2001-08-27,Brian Rosales,Science-fiction,44145743
Campaign sell lot,1986-08-12,Taylor Romero,Animation,46130654
Group although,1978-02-04,Austin Caldwell,Horreur,24433614
Law,1985-07-31,Daniel Hubbard,Action,48533310
Difficult pull,2005-11-12,Daniel Hubbard,Romance,8921744
Amount assume,1993-03-01,Michael Phillips,Science-fiction,6171596
Feeling certain,1954-07-07,Daniel Hubbard,Fantasy,10564423
Computer message,1977-08-07,Michael Phillips,Documentaire,43970988
Ability he,2014-01-15,Bobby Coleman,Science-fiction,12819850
Authority shake send,1999-10-24,Michael Webster,Science-fiction,4092999
Military,1989-12-20,Michael Webster,Documentaire,2909410
Cultural picture skill,1983-09-27,Lisa Romero,Comédie,1341997
Focus near,1984-07-23,Austin Caldwell,Animation,28720910
System debate only,2020-09-16,Bobby Coleman,Science-fiction,15652598
Cost car thousand,1996-10-02,Michael Phillips,Action,24751848
Four my thank by similar,1978-03-27,Taylor Romero,Horreur,28760175
Nearly many,2009-04-07,Megan Scott,Action,29843503
About,1997-04-01,Anthony Daniels,Thriller,29796374
Condition movie point,2005-06-26,Brian Rosales,Science-fiction,48075809
Million,1990-04-23,Daniel Hubbard,Fantasy,11294332
Impact,2004-11-22,Michael Phillips,Documentaire,33309315
Dark,1997-08-08,Michael Phillips,Science-fiction,40466034
Trip power practice,1958-07-02,Daniel Hubbard,Comédie,42074489
Food,1964-01-19,Bobby Coleman,Action,47899490
Everybody view brother agency,2001-12-05,Michael Webster,Comédie,44812021
Memory technology too,2020-06-13,Anthony Daniels,Thriller,20776516
Rich success serve,1974-01-17,Austin Caldwell,Animation,15321290
Happy open kid plan,1979-01-23,Lisa Romero,Drame,26034003
Social or break,1978-03-28,Brian Rosales,Science-fiction,5962815
Store method kitchen especially,1993-07-25,Megan Scott,Animation,47856152
Home keep itself,2008-01-13,Brian Rosales,Documentaire,1706989
Face will seek product chance wonder,1968-12-20,Michael Webster,Thriller,34251759
Wall sense major while,1993-03-18,Anthony Daniels,Documentaire,10511235
Technology,1992-07-10,Michael Webster,Romance,26264869
Gun threat,1985-03-07,Austin Caldwell,Action,16953365
Middle data,1960-05-10,Lisa Romero,Fantasy,21097470
Thus third,1989-03-14,Megan Scott,Comédie,41295755
Old hope interesting into play young,1996-11-19,Lisa Romero,Drame,14475763
Summer,1990-11-24,Michael Phillips,Horreur,35662088
Impact example expect top forget,1965-04-17,Austin Caldwell,Science-fiction,240257
Operation,1958-12-08,Bobby Coleman,Comédie,27980925
Sea,1983-11-12,Megan Scott,Horreur,41790467
Of purpose conference sort story feeling,2009-06-25,Michael Webster,Fantasy,18135233
Task me,1980-01-03,Austin Caldwell,Comédie,46029057
Entire election like most hope,2013-03-21,Anthony Daniels,Romance,36738245
Drive student bank reach,1981-10-10,Megan Scott,Action,45480659
Check rate sense,1969-11-29,Daniel Hubbard,Drame,40353694
Modern,1974-09-14,Taylor Romero,Documentaire,34472198
Down likely,2005-05-22,Austin Caldwell,Science-fiction,38830006
Financial full less,1970-09-29,Lisa Romero,Romance,26459975
While such experience serve reflect,2001-02-27,Megan Scott,Horreur,10171216
Friend,1986-06-27,Michael Phillips,Thriller,8829522
Baby apply onto no,1998-10-22,Lisa Romero,Romance,27080516
Newspaper agree art game,2020-09-24,Anthony Daniels,Animation,46903017
Stock,1964-04-24,Bobby Coleman,Drame,19058881
Bank social cup heavy reduce rest,2003-09-24,Brian Rosales,Horreur,39230382
Quality interest crime,1997-02-28,Megan Scott,Comédie,26268204
Hour certain magazine economy yet training,2004-05-08,Megan Scott,Horreur,11557354
Mrs pressure season,2018-04-16,Megan Scott,Drame,11193833
Employee attorney,1984-07-26,Michael Phillips,Fantasy,21157577
Campaign of power,1994-01-14,Taylor Romero,Thriller,3607464
None together person,1989-03-19,Anthony Daniels,Fantasy,26577506
Wide,1996-03-02,Michael Phillips,Comédie,12148542
South,2019-08-07,Anthony Daniels,Drame,49200805
Hope,1963-12-08,Michael Phillips,Comédie,12528094
Develop even budget,1991-04-06,Brian Rosales,Animation,42129102
Write effect mean sit degree,2014-05-20,Anthony Daniels,Science-fiction,32427932
Various real,1971-02-27,Michael Phillips,Romance,2561463
State trade health,1999-08-30,Bobby Coleman,Science-fiction,28097981
Describe,2006-08-01,Megan Scott,Comédie,13305466
Success the,1953-01-14,Austin Caldwell,Action,31624108
Region book check door involve challenge,2010-08-04,Austin Caldwell,Fantasy,27799197
Arm sense,1955-02-26,Taylor Romero,Fantasy,28737270
Kind common out bad direction figure,2019-06-18,Bobby Coleman,Drame,39042452
North fast arm,2015-07-22,Taylor Romero,Drame,8490882
Actually official,1976-04-04,Megan Scott,Fantasy,20332757
Moment read,1970-11-27,Lisa Romero,Animation,40471323
Sign they key onto option,1986-06-04,Anthony Daniels,Romance,6185262
Admit day,2018-03-21,Austin Caldwell,Comédie,23746513
Year sing with probably cultural,1955-08-16,Brian Rosales,Animation,40540343
Concern surface boy,1951-05-11,Lisa Romero,Animation,43998435
Hundred,1964-09-28,Lisa Romero,Animation,36130888
Special person form hospital should this,1966-04-14,Anthony Daniels,Fantasy,12332039
Republican,1998-11-24,Brian Rosales,Romance,33973996
Rock message,2022-01-09,Taylor Romero,Documentaire,9827235
Buy,1951-05-29,Michael Webster,Animation,44364893
Establish hospital rate,2020-08-15,Brian Rosales,Thriller,23468962
While cold,1967-06-08,Austin Caldwell,Drame,2309304
Gas try this work,2003-12-01,Lisa Romero,Animation,32099898
Example sea analysis,1970-12-18,Taylor Romero,Horreur,39015199
Design within off church,1984-10-05,Lisa Romero,Action,12618525
Stock local approach from challenge social,1961-05-19,Michael Phillips,Animation,37924102
Determine computer fall,2015-12-27,Michael Webster,Science-fiction,7099468
Usually,2007-02-07,Megan Scott,Documentaire,40178016
Police tax,2001-07-20,Daniel Hubbard,Fantasy,24767152
Past if form,1981-07-31,Megan Scott,Animation,31549684
Despite end garden,1959-01-09,Megan Scott,Thriller,5925466
If street wonder,1972-06-18,Bobby Coleman,Animation,31658981
Series present,1976-07-10,Daniel Hubbard,Science-fiction,25260149
Claim rest,1981-05-27,Lisa Romero,Romance,38042930
Number anyone above officer purpose throughout,1994-11-20,Lisa Romero,Romance,44630705
Yet boy federal,1970-07-23,Michael Phillips,Action,29612532
Fine action realize easy produce off,1954-06-17,Michael Phillips,Thriller,26184894
Vote house southern yeah,1958-04-30,Megan Scott,Romance,3689444
Say house student each,2001-08-11,Michael Webster,Romance,20123339
Everyone television number,2008-12-12,Michael Phillips,Romance,39055111
Rule his customer early per indicate,1990-04-26,Bobby Coleman,Action,36270258
Significant,1989-08-26,Megan Scott,Fantasy,32920985
Study character truth three,2008-07-31,Bobby Coleman,Animation,9397132
Answer report its edge,1990-11-29,Bobby Coleman,Science-fiction,15221593
No answer little care,1983-10-08,Brian Rosales,Drame,42379243
Eye group south else course,1979-12-06,Daniel Hubbard,Documentaire,15616707
Bad,2023-06-30,Michael Phillips,Thriller,41345833
Clearly drive loss,1978-04-12,Daniel Hubbard,Drame,30263147
Senior long enter,1974-11-10,Michael Webster,Thriller,25364596
Foot face,1983-07-29,Michael Phillips,Horreur,31587176
Middle car morning,2009-03-11,Michael Webster,Romance,43532162
Run my,1974-10-11,Taylor Romero,Documentaire,10857330
Such support,2009-01-31,Michael Phillips,Romance,15105193
Call likely arm,1972-10-08,Michael Phillips,Action,8250485
Want to course,1965-05-29,Austin Caldwell,Horreur,28204092
Piece system staff,2014-12-25,Bobby Coleman,Thriller,5225851
Good factor cause,1996-08-28,Taylor Romero,Horreur,14694523
Country never same task,2023-10-12,Michael Phillips,Fantasy,28438900
Game letter,1982-07-20,Michael Webster,Science-fiction,30711100
Message material,1987-06-26,Michael Webster,Horreur,7400549
Today already,1969-05-28,Taylor Romero,Thriller,30094298
Most loss,2007-05-24,Michael Phillips,Thriller,39166355
Themselves plant,1954-01-03,Austin Caldwell,Drame,42994839
Event have modern candidate morning,2004-11-19,Megan Scott,Romance,13104772
Run by course middle,2009-12-24,Anthony Daniels,Action,8031586
Later,1977-02-04,Taylor Romero,Drame,26996319
Shake step reduce single hundred,1976-11-29,Michael Webster,Romance,32296727
Debate movement management little,2018-01-14,Lisa Romero,Animation,32927754
Under laugh,2015-09-12,Austin Caldwell,Science-fiction,38371542
Director,2019-08-07,Michael Webster,Animation,11144595
Myself,1955-01-18,Daniel Hubbard,Action,14392690
Stock no according,1968-03-11,Daniel Hubbard,Documentaire,28683826
After pass,1982-01-07,Lisa Romero,Romance,4765660
Like yard you,2001-03-02,Daniel Hubbard,Science-fiction,35079105
He laugh deal,1991-08-11,Megan Scott,Action,41050895
That newspaper,1995-08-21,Michael Webster,Comédie,3490309
Idea name yet lot,1955-08-25,Michael Webster,Romance,29114222
Military,2002-01-29,Anthony Daniels,Drame,11680843
Election yet,2020-07-30,Michael Webster,Action,22990914
International say his article staff table,1991-09-23,Anthony Daniels,Science-fiction,31594713
Receive support,1955-06-24,Brian Rosales,Thriller,2539211
Important husband,1991-12-24,Michael Phillips,Documentaire,31546549
Foreign today,1983-11-14,Michael Phillips,Animation,13729978
Section specific we,2022-01-06,Taylor Romero,Comédie,9796498
Quickly,1983-10-31,Michael Webster,Horreur,28895691
Thousand whole will,1978-09-05,Taylor Romero,Comédie,27378958
Charge drug feel available,1975-03-29,Taylor Romero,Thriller,23052194
Thing capital chance quality apply cost,1965-06-13,Anthony Daniels,Thriller,1596001
People effort you pick,1951-07-30,Bobby Coleman,Documentaire,6456970
Real during,1955-10-22,Michael Phillips,Thriller,845730
Across too,2005-03-06,Daniel Hubbard,Documentaire,6755660
Somebody subject degree,1978-10-27,Taylor Romero,Animation,5937105
Join art international,1965-06-17,Anthony Daniels,Thriller,25096757
Campaign back law man,1971-10-22,Austin Caldwell,Drame,22448049
Pay,2021-05-01,Brian Rosales,Comédie,43099063
Must card involve,1970-08-31,Michael Webster,Fantasy,24126212
Without happen Mrs,2010-11-30,Michael Phillips,Science-fiction,17737183
Claim yes few threat,2007-04-24,Anthony Daniels,Romance,16071037
Girl exactly line,1979-08-17,Michael Webster,Fantasy,1434971
Instead continue husband various,1967-08-20,Bobby Coleman,Documentaire,14436910
Reach source however set hope artist,2003-09-26,Austin Caldwell,Comédie,29750635
Book control,1993-11-01,Taylor Romero,Action,33411185
Data friend general experience,2010-03-13,Bobby Coleman,Drame,32767943
Per describe cold,2007-02-01,Daniel Hubbard,Horreur,5663753
Hospital might where there,2011-04-21,Austin Caldwell,Drame,22673762
Lead enter girl office adult,2018-02-14,Michael Phillips,Documentaire,44285402
Film son ok seven language,2004-08-10,Bobby Coleman,Thriller,24731607
Talk,1989-08-22,Daniel Hubbard,Thriller,25009258
Yard husband industry,2006-10-14,Austin Caldwell,Science-fiction,25959298
Good board religious could,1969-07-16,Taylor Romero,Thriller,43760792
Almost activity interest throw although,2022-07-23,Lisa Romero,Horreur,11507422
Project chance,1952-10-05,Daniel Hubbard,Comédie,13043736
Score hard audience half space billion,1974-08-10,Daniel Hubbard,Animation,15198470
Keep before,2001-09-26,Austin Caldwell,Action,18253313
Require loss building,1986-07-07,Brian Rosales,Documentaire,39236561
My expect,1999-09-23,Anthony Daniels,Science-fiction,18708198
Early firm sort,2014-07-07,Anthony Daniels,Romance,3794630
Loss guy how talk,1990-02-23,Bobby Coleman,Thriller,8012193
Exist who administration,1979-09-11,Austin Caldwell,Drame,32594805
Data,1968-02-10,Daniel Hubbard,Documentaire,2700952
No game protect memory,1970-08-28,Austin Caldwell,Science-fiction,44023089
Pressure three value,1973-07-10,Taylor Romero,Comédie,32740901
Box since,1965-04-27,Michael Webster,Drame,44930000
Argue ground entire,1998-01-15,Taylor Romero,Romance,26910184
Few,1976-11-26,Megan Scott,Drame,3897874
Degree six,2013-09-02,Anthony Daniels,Comédie,1122895
Never artist party cover,2018-02-14,Michael Webster,Horreur,8873844
Serious explain surface blood,1951-06-01,Michael Webster,Science-fiction,38037528
Interesting girl interest,1981-03-13,Anthony Daniels,Animation,31415723
Main look up best serious,2009-02-02,Brian Rosales,Animation,12656889
Upon where,1962-12-23,Megan Scott,Animation,33571957
His per,2021-09-25,Austin Caldwell,Science-fiction,8816315
Best senior,1956-01-19,Bobby Coleman,Action,45980557
Figure heavy,1990-05-12,Michael Webster,Thriller,47171695
Subject visit,1955-03-28,Bobby Coleman,Drame,22263888
Quite up low,2000-03-24,Michael Phillips,Fantasy,6746684
Power him,1988-03-07,Lisa Romero,Action,49133966
More space beyond yourself,1958-08-21,Daniel Hubbard,Animation,12799916
South upon establish or movie series,1980-06-01,Daniel Hubbard,Drame,43473565
There baby,1987-12-16,Bobby Coleman,Documentaire,13146670
Sing wrong property,2006-07-24,Megan Scott,Documentaire,25484816
Policy,2004-01-28,Lisa Romero,Thriller,468445
Shoulder again,1983-12-06,Austin Caldwell,Comédie,20050527
Art wife,2002-05-24,Taylor Romero,Horreur,16670906
Put success,2002-03-10,Michael Phillips,Horreur,15696113
Church,2008-12-09,Megan Scott,Science-fiction,18491162
Ok cover officer,1985-03-05,Michael Webster,Fantasy,4989468
Happen soon,1990-11-29,Lisa Romero,Animation,7979231
Space these book industry rule,2012-07-01,Michael Phillips,Documentaire,48241111
Society,1951-01-21,Michael Webster,Documentaire,21446183
Control,2002-11-11,Anthony Daniels,Romance,42256540
War century north,1993-05-11,Michael Webster,Documentaire,20622860
Develop quickly health,2012-03-21,Brian Rosales,Drame,2879007
Age,1998-06-15,Taylor Romero,Romance,10240691
Black spring item already,2005-09-01,Bobby Coleman,Horreur,39247097
Entire study,1983-03-02,Michael Webster,Fantasy,46155790
Ask way clear ready,1978-02-22,Michael Webster,Horreur,20573277
Rise scientist lead speech whom draw,1966-03-06,Brian Rosales,Comédie,15119960
Six open,2011-11-19,Lisa Romero,Romance,47767282
Share song call alone,1994-09-20,Taylor Romero,Documentaire,37658850
Move stuff politics sell hold,2006-02-12,Michael Webster,Drame,196147
Section law,1976-10-09,Anthony Daniels,Animation,22786826
Radio impact case blue surface,1950-02-04,Michael Phillips,Science-fiction,27995191
Sing none,2001-03-16,Lisa Romero,Romance,21007393
Country test firm throughout,2021-02-26,Daniel Hubbard,Animation,30825684
Five relationship look,1951-08-21,Megan Scott,Animation,1270920
Discuss environmental off,1950-01-01,Lisa Romero,Animation,452633
Large this scene,2009-10-29,Anthony Daniels,Science-fiction,39907013
Six theory pattern fall,1998-03-29,Taylor Romero,Drame,45434900
Situation,2005-12-13,Anthony Daniels,Horreur,32969694
Popular late,2023-10-31,Austin Caldwell,Thriller,10156250
Pattern conference available likely star trouble,2017-06-30,Daniel Hubbard,Documentaire,10366250
Military size leave,1963-06-05,Taylor Romero,Animation,43748536
Opportunity hard,1997-05-16,Daniel Hubbard,Drame,48796191
Another these teach admit,1956-03-15,Megan Scott,Thriller,9294518
Bad south rich,1952-07-20,Bobby Coleman,Drame,46497727
During cold big,1957-10-27,Lisa Romero,Horreur,15183222
Wear fight,1967-01-07,Michael Webster,Romance,37317004
Tax world price,1971-10-26,Brian Rosales,Comédie,28679563
Life receive nothing capital but everybody,1985-01-30,Megan Scott,Comédie,20727322
Consumer name contain nor heavy,2009-04-10,Michael Phillips,Thriller,49909665
Adult yeah,1994-10-20,Lisa Romero,Romance,21288800
Civil theory,1999-08-09,Michael Phillips,Horreur,41418638
Bag suffer long,1998-04-13,Anthony Daniels,Science-fiction,2006965
House system great,2005-04-18,Taylor Romero,Thriller,9049903
Republican position,1977-09-05,Michael Webster,Comédie,15414464
Outside attention public,1986-10-16,Brian Rosales,Animation,18353992
Process with,1971-03-30,Daniel Hubbard,Comédie,22502124
Reduce smile guess everything degree couple,1970-11-27,Daniel Hubbard,Horreur,7036682
Six,2019-05-02,Anthony Daniels,Documentaire,25604913
Mr section anything edge very,1988-11-29,Taylor Romero,Romance,1834456
Success but American professional to,2005-07-26,Daniel Hubbard,Science-fiction,42461870
Resource,1982-04-23,Megan Scott,Drame,38178264
Show act,1976-12-14,Daniel Hubbard,Science-fiction,20780023
Meet you Democrat always can argue,1950-06-08,Anthony Daniels,Fantasy,8381655
Future couple soon visit,1956-04-06,Megan Scott,Thriller,45329578
Shoulder its audience,1999-04-20,Michael Webster,Fantasy,21737731
Conference work,1958-05-18,Lisa Romero,Romance,49189958
Yard service start,1970-03-04,Austin Caldwell,Science-fiction,39760271
Chance term,1953-02-05,Megan Scott,Animation,11760137
Unit single away,1958-04-07,Anthony Daniels,Documentaire,41995542
Begin nation writer body understand,1988-04-14,Michael Phillips,Horreur,23161717
Ahead group bed table reduce,1973-01-27,Austin Caldwell,Documentaire,31063198
History fear,1972-10-13,Taylor Romero,Horreur,2772934
Most,1972-04-01,Austin Caldwell,Science-fiction,15663228
Hit set identify,1991-12-04,Michael Webster,Science-fiction,35177295
With either good old together maybe,2015-04-03,Bobby Coleman,Romance,44916890
Capital food water as,1976-09-13,Lisa Romero,Horreur,24218834
Authority short,1960-08-19,Taylor Romero,Animation,48730500
Discuss,1990-03-22,Lisa Romero,Fantasy,2240466
Class Mrs,2014-02-19,Bobby Coleman,Thriller,46846214
Stand,1981-09-02,Austin Caldwell,Animation,8241548
Listen,2004-11-19,Michael Phillips,Documentaire,29095829
Social sure structure my only,1965-11-13,Daniel Hubbard,Fantasy,10358515
History staff before suffer security,1998-01-16,Taylor Romero,Comédie,26160414
Will natural with,1961-05-21,Anthony Daniels,Romance,36952493
Reach,1998-05-15,Bobby Coleman,Horreur,15421305
