Titre,Auteur,Genre,Date de publication,Nombre de pages,Disponible,Prix
Commercial piece,Frank Bell,Thriller,1941-09-18,992,False,11.82
People despite themselves our four,Daniel Hall,Science Fiction,2013-09-10,367,True,16.66
Plant smile,Eric Dominguez,Non-Fiction,2018-11-07,1089,False,49.08
Whether it maintain,Danielle Moore,Science Fiction,1914-10-27,969,False,36.71
Increase much nearly top,Michael Wood,Mystery,1991-10-06,837,True,13.12
Late candidate quality,Tracy Johnson,Non-Fiction,1946-07-03,833,True,31.33
About cost group strong trouble,Eric Dominguez,Fantasy,1906-10-28,456,False,30.67
Weight interest exist ahead,Jennifer Gallagher,Fantasy,1931-08-23,263,False,13.36
Pretty really outside positive,Angela Hunt,Non-Fiction,1915-09-27,604,True,49.09
Radio smile do start already,Krista Smith,Science Fiction,2011-09-17,112,True,15.54
Involve glass level,Phillip Brown,Fiction,1940-04-13,530,False,44.65
Time great part minute,Dana Duncan,Fantasy,1990-05-19,663,False,23.1
Us imagine government,Christopher Williams,Fiction,1918-05-10,861,False,49.55
Occur since,Dean Randall,Self-Help,1942-04-30,970,True,6.98
Either also see others land,Michael Wood,Fantasy,1955-08-04,1172,False,25.32
Including source find always,Phillip Brown,Fantasy,1987-04-01,1141,True,18.58
Particularly we involve plan fast,Jennifer Gallagher,Science Fiction,1938-11-07,174,False,20.66
Rather learn could music,Elizabeth Johnson,Self-Help,1970-05-06,612,False,9.67
Threat it fast join,Eric Dominguez,Biography,1962-04-01,917,True,49.5
Force huge everybody simple,Danielle Moore,Science Fiction,1976-02-22,493,True,16.48
National thank first,Carlos Rodriguez,Mystery,2023-08-16,493,True,23.6
Smile do father loss including,Russell Lee,Biography,2016-08-09,460,False,28.33
Discuss wear,Lucas Baker,Science Fiction,1921-12-23,679,True,45.27
Win collection,Craig Boyd,Mystery,1923-08-03,632,True,14.29
Onto close daughter,Ryan Hendricks,Romance,1964-07-19,681,True,7.98
Someone summer born,Angela Hunt,Biography,1966-04-04,961,True,29.33
Old evidence thank,Russell Pearson,Thriller,1904-07-02,937,True,40.21
Bill life science,Eric Dominguez,Romance,1970-09-28,185,False,29.25
Foot industry this if,Elizabeth Lutz,Thriller,1971-02-05,807,True,30.36
Key hair professor,William Shea,History,1938-08-20,618,True,36.57
Firm forward prevent partner behind,Kevin Wise,Science Fiction,1936-11-04,1075,True,5.96
Exactly simple perform,Daniel Hall,Non-Fiction,1987-01-05,870,True,49.05
Reduce big project share,Ryan Hendricks,Non-Fiction,1908-10-21,1151,True,31.18
Theory traditional with body,Ryan Hendricks,Thriller,1933-04-30,741,False,36.34
Create way total play imagine,Eric Dominguez,Science Fiction,1966-05-23,981,True,7.34
Line section almost,Deborah Ingram,History,1957-03-23,590,True,15.16
Rather low professor admit often,Michael Holland,History,2022-09-16,534,True,36.34
Style smile tend last,Hayden Jones,Fantasy,1957-10-31,227,True,47.31
Audience law party culture fall,Lucas Baker,Non-Fiction,1926-11-01,1096,True,13.94
Conference pattern,Robert Irwin,Mystery,1909-03-08,506,True,30.41
High already clearly,Crystal Perry,Biography,1945-09-04,1090,False,10.25
Agent employee,Anthony Wilcox,Self-Help,2023-04-05,1028,True,34.96
Pass budget debate toward career,Carlos Rodriguez,Self-Help,1935-12-20,645,False,8.39
Might clear certain move hear,Fred Atkins,Mystery,1918-02-22,370,True,35.69
Attorney magazine sing bit,Russell Pearson,Mystery,1959-01-10,507,True,27.83
Address nor carry information,Elizabeth Johnson,Thriller,1931-12-20,422,False,6.77
Develop medical,Wanda Swanson,Science Fiction,1946-04-11,345,True,47.33
Be bill special,Michael Holland,Romance,1996-02-07,866,True,47.05
Clearly little window growth,Andrea Adams,Mystery,1914-04-17,966,True,21.91
Economic play offer while,Danielle Moore,Fantasy,1906-07-05,384,True,6.23
Artist trade college agreement out,Dean Randall,Mystery,1933-02-11,1099,True,24.24
Term girl outside house,Elizabeth Johnson,Non-Fiction,1971-11-15,407,True,45.36
Go chair page,Craig Boyd,Fiction,1984-08-21,697,False,42.48
Fill dark appear occur,Michael Holland,Science Fiction,2023-05-22,106,True,33.88
Government loss sister for,Kenneth Lucas,History,1941-04-22,596,False,23.07
Evening expert mouth between,James Mays,Mystery,1957-12-04,209,True,17.09
Beat nature all teach,Kevin Wise,Fiction,1903-06-05,761,True,6.91
Treatment wonder,Hayden Jones,Non-Fiction,1988-04-16,324,True,13.55
Member fire door analysis,Hayden Jones,Science Fiction,1934-07-18,288,False,37.69
Chair for more three,Michael Wood,Mystery,1997-09-07,895,True,20.75
Tree reach hope,Bradley Harrys,Self-Help,1997-09-21,726,True,21.77
Believe question old particularly,Deborah Ingram,Fantasy,1959-03-24,684,False,38.33
Commercial relationship bad,Krista Smith,History,1981-03-08,405,False,21.5
Strategy relate media,Andrea Adams,History,1935-09-04,807,True,14.25
Rock night return,Kevin Hunt,Biography,2017-12-24,528,True,47.46
Enter action our,Dr. Tina Lopez,Thriller,1983-01-04,493,True,30.46
Again much word,Dr. Tina Lopez,Biography,1928-05-25,468,True,30.77
Project personal theory,Lucas Baker,Non-Fiction,1929-08-15,1162,False,28.94
Right white administration,Phillip Brown,Non-Fiction,1926-10-18,358,False,43.82
Several war yes media state,Kenneth Lucas,Science Fiction,2006-05-04,557,True,48.94
Room firm black short politics,Wanda Swanson,Biography,1943-05-13,251,True,25.3
Official what,Andrea Adams,Self-Help,1902-02-09,1010,True,31.18
Safe city apply meeting,Ashley Campos,Biography,1935-04-15,779,False,18.48
Affect plant your it for,Russell Pearson,Non-Fiction,1908-02-23,1019,False,39.91
Visit finish the,Frank Bell,Fantasy,1961-12-17,1010,True,27.64
Agent bank look,Kristin Melton,Romance,1906-12-20,1198,False,41.54
World small record themselves become,Craig Stanley,Biography,1901-03-24,625,False,27.35
Discover law perhaps performance,Deborah Ingram,Self-Help,2012-02-20,765,False,28.74
Few brother none,Tony Daugherty,Romance,2022-05-25,886,False,39.1
Strong race machine,Tony Daugherty,History,1974-05-19,148,False,23.77
Represent office suffer,David Avila,Fantasy,1928-05-12,1079,False,46.42
Store deep,Kevin Hunt,Self-Help,1992-06-15,1003,True,38.36
Onto physical understand,Danielle Moore,Fiction,1988-04-28,174,True,43.33
Simply discuss space throw,Michael Wood,Science Fiction,1902-10-22,179,False,7.46
Main age behavior,Crystal Perry,Self-Help,1960-05-12,359,True,32.31
Improve current two purpose,Danielle Moore,Non-Fiction,1999-04-12,917,True,27.44
Establish carry because,Kevin Hunt,Fantasy,1990-06-27,385,True,25.86
Image mission fund religious wind,Ashley Campos,Romance,1933-05-27,357,True,13.46
Theory argue,Kenneth Lucas,Fiction,1973-01-15,366,True,32.63
Home next wife me,Jennifer Aguirre,Mystery,1995-11-18,572,False,24.91
Final degree color fight,Ashley Campos,Biography,1968-09-06,1099,True,14.69
Painting involve,Jennifer Gallagher,Biography,1935-07-19,1093,False,36.4
Whatever court collection store,Anthony Wilcox,Fantasy,1975-03-30,739,True,10.1
Know term indicate crime,Kenneth Lucas,Biography,1947-08-10,692,True,16.58
Technology likely city type,Anthony Wilcox,Biography,2006-03-01,683,False,49.97
Think not position number,Adam Griffin,Mystery,1999-03-08,502,True,36.23
Face Republican right,Craig Boyd,Romance,1996-02-07,532,False,41.41
Hit forget end nice,Caitlin Barber,Non-Fiction,2008-04-22,461,False,9.22
Central mouth,William Shea,Thriller,1917-06-21,967,False,20.58
Town sense it president,Kenneth Lucas,Romance,1908-09-11,792,False,41.51
Organization food,Elizabeth Lutz,Thriller,1994-10-28,850,False,17.71
Society should,Ryan Hendricks,Fiction,1902-07-28,804,False,44.45
One kitchen north nature whom,Jeffrey Jones,History,2010-08-23,214,False,29.63
Agreement worry pretty,Brittany Freeman,Non-Fiction,1910-10-24,958,True,37.46
Fall gun land,Michael Wood,Non-Fiction,2017-08-03,523,True,8.44
Partner big everyone past,Russell Lee,Romance,1961-01-20,376,True,7.05
Accept account more watch,Craig Stanley,Biography,1947-10-11,538,False,49.94
Grow sense hundred,Adam Griffin,Self-Help,1920-06-26,1052,True,28.31
Seat themselves,Daniel Hall,Biography,1929-06-16,725,True,44.42
Imagine TV,Elizabeth Johnson,Science Fiction,2020-08-04,291,True,46.81
Something meeting president second,Ashley Campos,Romance,2019-10-25,426,False,40.66
Sort activity may,Lucas Baker,Biography,1978-06-23,649,False,34.25
Just position,Daniel Hall,Biography,1948-10-24,561,True,31.4
Term product agreement argue,Robert Irwin,History,2000-04-24,302,True,39.09
Different rest different age,Lucas Baker,Mystery,1917-07-19,893,True,39.14
Say early speech deep,Brittany Freeman,Science Fiction,1914-06-19,1106,False,20.34
Peace toward,Elizabeth Lutz,Science Fiction,1949-03-26,1037,False,10.43
Year only near,Carrie Anderson,Non-Fiction,1920-07-13,1119,False,36.31
Perform everybody event night,Dean Randall,Fiction,1953-11-01,921,False,48.33
Surface feel color,Daniel Hall,Mystery,1912-02-07,637,False,46.65
Treatment soon course race herself,Michael Holland,Fantasy,2019-03-31,647,True,40.07
Rate century town,Jennifer Aguirre,Fantasy,2021-11-15,1067,False,43.93
Talk feeling five,Carrie Anderson,Thriller,1983-08-21,635,False,8.44
Positive you necessary free,Hayden Jones,Romance,1987-07-11,363,False,48.07
Former watch relate,William Shea,Thriller,1952-07-20,700,False,49.93
Author citizen sister important,Jennifer Gallagher,Biography,1914-09-06,513,False,40.2
Five raise,Elizabeth Johnson,Mystery,1956-01-03,211,False,35.08
Upon wait leave poor want,Phillip Brown,Thriller,1937-04-14,346,True,30.35
Time industry arrive determine when,Wanda Swanson,Thriller,1929-10-08,842,False,14.48
Drive fall personal story,Elizabeth Johnson,Non-Fiction,1991-06-15,1033,False,31.26
Open throw traditional,Brittany Freeman,Non-Fiction,1929-07-31,265,False,47.79
Power become center,Jennifer Aguirre,Non-Fiction,1908-11-25,578,False,6.13
Energy sound a how,Krista Smith,Science Fiction,1933-12-30,1025,False,30.3
Though large over city require,Lucas Baker,Mystery,1971-03-20,565,False,25.97
Voice step,Michael Wood,Self-Help,1901-07-06,948,False,32.56
Republican will PM thought,Robert Irwin,Fantasy,2005-12-12,120,False,12.32
Occur record common speak,Ryan Hendricks,Fantasy,1954-08-05,1091,True,42.58
Water despite decade only,James Mays,Fantasy,1978-08-23,517,True,21.31
Owner late indeed,Tony Daugherty,Fiction,2004-07-08,667,False,21.08
Add performance very,Craig Boyd,History,1923-02-18,314,True,23.35
Possible agreement,Dean Randall,History,1954-10-22,1094,False,35.95
Price others concern style,Deborah Ingram,Biography,1982-07-04,472,True,14.37
Detail half PM,Dr. Tina Lopez,Thriller,1965-01-29,586,True,34.03
Number control ok,Dean Randall,Romance,2014-09-14,844,True,46.26
International exist civil mention need,Christopher Williams,Biography,1903-05-24,847,True,48.44
Question garden both,Angela Hunt,Self-Help,1903-10-29,629,True,48.17
Film perform his,Andrea Adams,Mystery,1904-03-03,348,False,41.13
View out individual east,Lucas Baker,Romance,1900-02-25,535,True,35.85
Heart range the,Jeffrey Jones,Non-Fiction,1922-05-04,341,True,10.81
Performance significant threat out picture,Dr. Tina Lopez,Thriller,2001-01-18,1093,True,36.25
Himself together,Anthony Wilcox,Self-Help,1970-10-23,727,True,12.01
Nature consumer life study energy,Dawn Hensley,Thriller,1952-09-30,1026,True,38.45
Issue cause source best seek,Ryan Hendricks,Science Fiction,1916-12-28,947,True,31.06
Executive least around,Elizabeth Lutz,Non-Fiction,1964-01-26,686,True,27.13
Cut stay after seat bed,Adam Griffin,Self-Help,1937-12-09,787,True,15.19
Cup thank,Craig Stanley,Romance,1952-11-27,679,False,5.17
Former newspaper guess mention,Elizabeth Johnson,Self-Help,1970-04-16,954,False,49.03
Brother look half,Hayden Jones,Thriller,1942-02-24,1175,True,42.63
Soon interest approach almost size,Andrea Adams,Biography,1903-08-14,943,True,19.95
Travel mean knowledge,Lydia Barron,History,1905-10-21,286,True,21.1
Everybody sport poor wear,Jeffrey Jones,Mystery,2019-08-02,586,False,27.49
Catch door couple,Frank Bell,Self-Help,1993-09-13,429,True,47.41
Reflect compare realize,Wanda Swanson,Mystery,1993-10-16,104,True,33.8
Degree language beat position,Christopher Williams,Biography,1918-09-04,317,False,31.8
Decide guess concern himself race,Eric Dominguez,Mystery,2001-03-19,870,True,48.82
Major per law cover,Jennifer Gallagher,Thriller,1982-06-10,1083,False,15.53
Write develop health try,David Avila,Fantasy,1939-03-15,1121,False,13.72
Congress loss common town,Brittany Freeman,History,2008-10-24,630,False,14.16
Skill campaign indicate,Craig Stanley,Self-Help,1913-07-24,610,True,8.95
Across cause today hold,Bradley Harris,Self-Help,2016-03-21,328,False,16.04
Resource many industry serve system,Jennifer Gallagher,Self-Help,1939-09-19,927,True,33.52
Far name leave fall,Bradley Harris,Romance,1973-12-12,105,True,46.88
Reveal technology wish scene million,Bradley Harris,Self-Help,2012-06-20,632,True,46.53
Serve range,Andrea Adams,Fantasy,1971-08-11,960,False,18.05
Answer hard go,Dean Randall,Thriller,2011-08-15,541,True,23.7
Meeting meeting help morning,Fred Atkins,Mystery,1974-08-31,604,False,41.33
Society talk daughter government,Hayden Jones,Romance,1972-08-09,665,True,21.0
Not real report,Craig Stanley,Mystery,1946-02-02,325,True,18.71
Decade end discuss page officer,Bradley Harris,Non-Fiction,1974-01-01,927,False,21.44
Use bit structure huge,Deborah Ingram,Biography,2021-05-21,169,False,39.22
Action clear economic sort,Ryan Hendricks,History,1918-06-11,383,False,36.55
Local might upon special production,Jeffrey Jones,Self-Help,2006-12-31,281,False,26.25
Particularly sport soon,Deborah Ingram,Non-Fiction,1920-11-12,246,True,6.88
Out total authority,Tracy Johnson,Mystery,1959-06-14,446,True,11.62
The world not,Michael Wood,History,1952-03-04,616,False,13.87
Site memory edge,Dawn Hensley,Biography,1963-06-13,591,True,23.38
Nation give some husband,Wanda Swanson,Self-Help,1936-04-17,1085,True,40.93
Clear after model human heavy,Andrea Adams,Fiction,1988-07-12,1111,True,37.48
Throw dinner,Krista Smith,Non-Fiction,2018-03-05,193,True,44.89
Thing level seem,Kristin Melton,Self-Help,1917-10-09,923,True,19.67
Field today gun myself soon,Michael Holland,Biography,1914-12-22,504,True,7.58
Take full enough standard,Ashley Campos,Mystery,1921-12-24,790,False,33.26
Off sometimes guess,Tracy Johnson,Thriller,2004-10-25,744,True,36.76
Case camera score keep,Wanda Swanson,Self-Help,1907-06-06,1150,False,17.93
Rather television information effect buy,Michael Wood,Thriller,1912-05-19,410,False,37.25
Yourself because little since,Tony Daugherty,Non-Fiction,1987-11-26,154,True,32.53
Easy white movement,Elizabeth Johnson,Non-Fiction,1993-12-19,1055,False,15.55
Next design eye citizen,Danielle Moore,Fiction,1950-06-12,623,True,22.74
World day activity enter under,Deborah Ingram,Fantasy,2007-09-08,1160,True,21.14
Must grow beautiful rest fire,Jennifer Gallagher,Romance,2004-07-07,1072,False,6.65
Look power yard,James Mays,Science Fiction,1916-04-22,716,False,9.0
No act according doctor should,Brittany Freeman,Mystery,1927-12-25,453,True,38.3
Deep begin community house north,Robert Irwin,Science Fiction,1928-11-08,311,True,42.01
Sometimes environment sea,Elizabeth Lutz,Science Fiction,1924-12-11,209,True,37.82
Artist focus partner owner market,Fred Atkins,History,1942-11-02,680,True,19.71
Alone tend,Tracy Johnson,Science Fiction,1941-02-06,246,False,27.78
Probably table save turn whether,Kenneth Lucas,Non-Fiction,1904-08-20,1062,True,32.65
Girl social nearly,Jennifer Aguirre,Fantasy,1925-10-24,1153,True,37.44
Real body focus,Dean Randall,Thriller,1945-05-06,702,False,13.66
Everyone wait ball really,Carrie Anderson,Fiction,1904-04-20,504,False,26.52
Us them,Adam Griffin,Fantasy,1981-03-04,239,True,6.52
None source see,Dr. Tina Lopez,Science Fiction,1912-08-20,1128,True,22.21
Institution evening,Eric Dominguez,History,1932-06-05,735,False,42.77
Piece reduce name imagine,Jennifer Gallagher,Thriller,1909-10-26,1129,False,32.22
Peace second national interview wonder,Deborah Ingram,Mystery,1948-05-18,594,True,11.39
Not first food future,Jennifer Aguirre,Mystery,2004-02-03,225,False,27.65
Our audience push bed,Bradley Harris,Self-Help,2004-04-21,297,False,18.52
Any strategy chance week,Jennifer Aguirre,Science Fiction,1990-10-28,926,True,21.57
Unit industry we,Krista Smith,Mystery,1961-10-25,270,False,26.56
Value relationship should,Dean Randall,Fantasy,1939-10-23,290,True,32.9
Begin big read hot,Adam Griffin,Fantasy,1995-11-18,759,True,29.21
Everyone identify add,Russell Lee,History,2009-09-12,396,True,34.32
Sit although modern,Adam Griffin,Science Fiction,1974-10-25,879,True,14.93
Decade indicate get,Lucas Baker,Romance,1941-03-29,179,False,39.55
High attorney,Wanda Swanson,Self-Help,1958-05-12,679,True,43.87
Clearly might friend to artist,Jennifer Gallagher,Fiction,1955-01-24,1096,False,48.68
Under or meet newspaper,William Shea,Non-Fiction,2013-11-01,881,False,15.13
Walk decide study,Kenneth Lucas,Biography,1954-07-02,113,True,42.5
Three expert quickly,Michael Wood,Biography,1970-11-16,649,True,30.87
And body,Caitlin Barber,Fiction,1974-08-21,868,True,16.55
Technology describe everybody day within,Michael Wood,Romance,1902-12-24,615,True,43.84
Again matter business computer offer,Lucas Baker,Mystery,1926-08-31,1194,True,17.24
Speech organization they specific,Wanda Swanson,Self-Help,1919-07-28,122,False,26.08
Some specific room guess,Krista Smith,History,1952-01-15,131,True,18.04
Focus home two,Dean Randall,Romance,1922-08-16,1172,False,34.22
New particular ever nature,Tracy Johnson,Fantasy,1972-11-13,899,False,32.1
Compare pay,Kenneth Lucas,History,1900-12-07,911,False,38.67
Lawyer support grow,Krista Smith,Non-Fiction,2020-04-08,816,False,39.44
Go suggest,Jeffrey Jones,Self-Help,1968-09-03,1095,True,13.96
With provide fire,Jennifer Gallagher,Biography,1972-02-05,278,False,13.41
Its camera huge bad again,Frank Bell,History,1938-03-08,975,False,13.45
Reduce phone between,Jennifer Aguirre,Mystery,2018-05-15,1021,True,21.81
Send air conference clearly,Adam Griffin,History,1921-04-09,701,True,31.64
Know buy certain,Crystal Perry,Biography,1941-10-05,742,False,20.76
Light beyond scientist better,Kevin Hunt,Science Fiction,1948-06-29,692,False,9.2
Any anything run save,Krista Smith,Science Fiction,1990-03-06,405,True,30.08
Expert wrong,Krista Smith,Mystery,1932-10-09,527,False,28.28
Second ready former clearly,Fred Atkins,Romance,1911-03-08,729,True,17.77
We last character threat,Ryan Hendricks,Thriller,2013-11-24,982,True,15.31
Onto the risk into,Krista Smith,History,1976-07-29,939,True,30.69
This Democrat market seek employee,Jeffrey Jones,Fantasy,1927-08-18,249,True,14.65
Cause carry sort,Dr. Tina Lopez,Self-Help,1976-08-03,620,True,23.76
Assume sign much wear,Ashley Campos,Science Fiction,1990-01-10,976,False,26.88
Even leader college measure never,Kevin Hunt,Romance,1949-12-01,1186,True,11.9
Budget lawyer,Ashley Campos,Mystery,2002-03-19,931,False,44.46
Recently discussion price name,Jennifer Gallagher,Self-Help,1971-02-28,1057,False,23.56
Piece yard Republican service,Dr. Tina Lopez,Mystery,1992-05-04,647,True,12.07
Office recognize information toward,Hayden Jones,Fantasy,1959-04-05,1164,True,20.83
Population lose assume,Dana Duncan,Romance,1984-12-29,137,True,7.34
One agency finally fill within,James Mays,Romance,1920-03-02,864,True,49.56
Way toward article,Lydia Barron,Science Fiction,1999-11-24,1074,False,37.31
Conference sure people follow,Craig Boyd,Biography,1955-05-24,1064,True,41.55
Black or you,Krista Smith,History,1908-04-06,539,False,23.67
Fast seek through,Kevin Hunt,Fantasy,1943-02-23,172,False,34.56
Necessary represent opportunity tree personal,Daniel Hall,Non-Fiction,2001-12-13,934,True,36.1
Own others for,Anthony Wilcox,Self-Help,1998-09-04,1106,True,45.75
Sense sort their today,Tracy Johnson,Fantasy,1978-02-20,490,False,25.07
Possible see,Jennifer Gallagher,Fantasy,2013-08-11,441,True,8.8
Big investment wonder take,Kevin Wise,Thriller,1973-07-26,997,True,25.13
Though resource little,Crystal Perry,Science Fiction,1906-03-10,1070,False,43.11
Hold goal main,Michael Holland,Mystery,1969-12-23,422,True,29.54
Green space,Andrea Adams,Science Fiction,1941-06-16,167,True,11.21
Past region soon,Lydia Barron,History,2002-06-11,436,True,47.44
Fill quickly paper most represent,Michael Wood,Biography,1993-12-18,241,False,42.41
Manager industry born,Michael Wood,Romance,1977-10-25,1028,True,17.24
Past human popular,Adam Griffin,Non-Fiction,1972-07-01,273,False,30.05
Expect available owner,Fred Atkins,History,2009-03-06,672,False,20.54
Gun space build measure maintain,Kristin Melton,Non-Fiction,2007-01-22,193,True,19.28
Federal build task also,Bradley Harris,Fantasy,1916-09-16,237,False,45.17
Picture card check appear,Kristin Melton,History,1946-11-14,304,False,13.1
Project sound,Russell Pearson,Romance,1923-01-18,440,False,21.39
Camera vote cut,Jennifer Aguirre,History,1981-08-15,100,True,42.4
Lot moment can,Michael Wood,Science Fiction,1921-03-08,932,True,14.94
President program event,Jeffrey Jones,Mystery,1946-10-15,176,True,49.66
Mention simple alone song,Adam Griffin,Romance,1971-12-31,1034,False,26.58
Investment quickly people thought,Hayden Jones,Fiction,2001-01-14,751,False,23.91
Firm stand,Eric Dominguez,Fiction,1977-11-21,853,True,24.16
Name store include,Tracy Johnson,Mystery,1937-09-01,647,True,49.89
Might other vote western,Angela Hunt,Mystery,2000-10-05,1102,False,10.55
Finish forget,Tony Daugherty,Fiction,2017-10-07,135,True,49.08
Door lot mouth,Phillip Brown,Biography,1981-12-20,502,False,34.87
Material any buy,Brittany Freeman,Non-Fiction,1932-06-06,944,True,10.61
Where home policy theory all,Andrea Adams,Fiction,1921-03-06,969,False,44.8
Few experience specific,Elizabeth Johnson,Non-Fiction,2016-02-29,932,False,47.18
Idea Mrs charge poor,Jennifer Aguirre,Science Fiction,1929-05-17,1177,False,41.27
Leader child indicate century,Russell Lee,Fantasy,1989-10-23,425,True,15.83
Process figure,Lucas Baker,Thriller,1971-10-08,202,False,24.7
Recent business bed,Russell Pearson,Biography,1934-10-21,513,True,26.45
Prove few,Krista Smith,History,1932-10-10,133,False,9.79
Result thought decision without environmental,Russell Pearson,Self-Help,1958-03-04,825,False,28.94
Be situation open participant,Kristin Melton,History,1998-01-08,1164,True,41.06
Do oil visit film,Krista Smith,History,2000-03-06,355,True,25.16
Always visit attention,William Shea,Self-Help,1926-10-26,1129,False,20.25
Send both anything that,David Avila,Fantasy,2000-01-14,440,True,12.98
Service down sort language reality,Tracy Johnson,Fantasy,1997-07-28,734,True,31.76
Clear keep experience situation,Danielle Moore,Thriller,1911-12-27,1043,True,26.67
More a bed grow,Dr. Tina Lopez,Fiction,1933-01-26,589,False,33.74
Training by school,Michael Holland,Thriller,1904-04-13,1047,False,49.61
Travel hospital indicate true travel,Dr. Tina Lopez,Biography,1983-06-07,478,True,40.14
Thank across box,Krista Smith,Thriller,2003-05-03,715,False,9.3
Light security conference probably,James Mays,Fiction,1948-10-04,1046,True,31.96
Inside my nothing staff store,Dr. Tina Lopez,Science Fiction,1921-08-30,791,False,46.94
Official purpose occur,Dean Randall,Self-Help,1944-01-04,741,True,44.89
Writer control,Jennifer Aguirre,Thriller,2008-07-25,938,True,25.29
Understand four center feeling add,Jennifer Aguirre,Romance,1933-03-31,117,False,11.16
Role style onto,Fred Atkins,Fantasy,2021-08-12,394,True,40.89
Ground ago,Lydia Barron,Science Fiction,1954-08-03,720,False,19.07
What right,Lucas Baker,Science Fiction,1982-04-05,299,False,22.37
We finally say season move,Craig Stanley,Mystery,1945-11-01,743,True,7.9
It bar once table remain,Kevin Hunt,Romance,2020-08-10,1045,True,13.99
Full lead what,Tracy Johnson,History,1926-04-05,598,False,19.43
Represent party nearly,Andrea Adams,Science Fiction,1958-05-30,1121,True,45.06
Either trouble sell him medical,Christopher Williams,History,2000-08-17,1021,False,23.19
Meet difference win,Wanda Swanson,Fantasy,1912-01-12,1007,True,30.02
Subject cup right per should,Hayden Jones,Non-Fiction,1987-05-27,324,False,10.23
Course a,David Avila,Fantasy,1939-05-10,218,False,15.54
Middle group,Dr. Tina Lopez,History,2006-05-09,407,False,23.97
Still system away return,Craig Stanley,Thriller,1905-12-13,237,True,34.48
Third woman scene,Angela Hunt,Romance,1923-06-13,1107,True,11.49
Agree nor apply director,Fred Atkins,Science Fiction,2016-05-19,455,False,11.65
When ok economic protect already,Craig Stanley,Self-Help,1955-01-07,367,True,45.86
Trouble take peace,Danielle Moore,Fiction,1961-05-29,155,True,42.79
New when return,Craig Stanley,Thriller,1992-10-04,591,True,9.44
Night hope each partner,Dean Randall,Fiction,1908-06-23,491,True,16.66
That sense company,Ryan Hendricks,Romance,1962-08-28,352,False,19.56
Eye growth around Republican price,Ashley Campos,Fiction,2020-03-31,765,True,37.89
Night contain attention,Tracy Johnson,Fiction,1954-11-16,363,False,17.52
Down student main she,Bradley Harris,Non-Fiction,1977-05-14,916,True,46.01
Class budget election work,Michael Wood,Science Fiction,1916-04-01,1148,False,26.59
Simple idea Democrat cultural,Elizabeth Johnson,Science Fiction,1978-07-10,785,True,40.77
Investment general effect surface,Robert Irwin,Self-Help,1926-06-17,703,True,32.74
Push center,Carlos Rodriguez,Mystery,2014-06-03,486,True,19.19
Close prevent capital between,Kevin Hunt,Romance,2020-09-07,530,True,47.54
Can management though large,James Mays,Self-Help,1947-03-02,323,True,39.2
Stage player,Fred Atkins,Non-Fiction,2012-05-29,962,False,5.58
Sound whose great sister information,Jeffrey Jones,Self-Help,1958-01-25,950,False,48.11
Wind state million whole,Danielle Moore,Thriller,1978-02-19,230,True,13.68
Rise during sing,Crystal Perry,Thriller,1983-01-29,466,True,33.61
Radio fly already,Craig Boyd,Biography,1983-08-05,766,True,49.47
Sort price,Danielle Moore,Mystery,1936-08-26,170,True,45.65
Be fire five,Robert Irwin,Non-Fiction,1990-03-18,916,False,42.96
Care certain wonder several,Christopher Williams,Self-Help,1960-08-12,933,False,37.29
Certainly west wide point,Ryan Hendricks,Non-Fiction,1971-03-31,1110,False,39.11
During drive office,David Avila,Mystery,1976-12-24,888,True,17.59
Charge fact analysis,Bradley Harris,History,2016-12-08,1097,False,31.17
Morning sometimes little,Ryan Hendricks,Thriller,1987-04-12,1130,False,24.51
Behind air back,Dawn Hensley,Romance,2017-12-07,882,False,33.57
Middle realize,Crystal Perry,Science Fiction,1942-07-06,342,True,14.59
Film option Congress,Kevin Hunt,Fantasy,1975-09-11,627,True,29.48
Success situation,Eric Dominguez,Thriller,1913-12-07,209,False,5.9
He relate right natural never,Deborah Ingram,Biography,1985-05-30,850,False,5.35
Change network student enjoy,Andrea Adams,Biography,2011-09-17,591,False,39.53
Kind technology,Michael Holland,Science Fiction,1960-05-22,870,True,7.84
Risk father accept military board,Carlos Rodriguez,Biography,1950-08-08,341,False,20.96
Turn relationship young,Fred Atkins,Mystery,1913-01-14,211,True,24.61
Manage kitchen sea,Brittany Freeman,Non-Fiction,2015-03-07,734,True,22.67
Word fear will tax low,Craig Boyd,Biography,1939-05-05,340,True,34.09
Film cultural,Craig Stanley,Fantasy,2005-06-26,1094,False,40.47
Development movie high,Kristin Melton,Mystery,1977-08-12,1054,False,33.63
Movement budget,Carrie Anderson,Mystery,1964-07-04,836,False,44.29
Wonder stay area,Michael Wood,History,1931-12-23,1014,False,11.22
Animal right its involve politics,Crystal Perry,Non-Fiction,1950-01-09,271,False,37.03
Way moment investment town,Krista Smith,Fiction,1983-01-09,571,False,40.12
Past fall,Phillip Brown,Biography,1930-02-16,1033,True,43.89
Stand television economic,Phillip Brown,Fiction,1935-02-04,249,True,41.29
Spend prove,Andrea Adams,Mystery,2009-12-09,1187,True,42.62
Prove traditional remain,William Shea,History,1942-02-26,839,False,8.23
Health position tend,Daniel Hall,History,1912-06-12,137,True,6.16
Usually American its various model,Carrie Anderson,Non-Fiction,1980-03-19,1038,True,37.54
Technology read finally their want,Bradley Harris,Biography,1977-03-18,610,True,47.98
Section close authority hospital financial,Caitlin Barber,History,1940-05-22,281,True,49.25
Become agency effort send,Kristin Melton,Science Fiction,1959-08-01,914,False,20.85
Dog event form,Kristin Melton,Science Fiction,1998-09-19,780,True,48.96
Degree no assume debate,Dean Randall,History,2001-08-27,715,False,8.17
Goal shoulder matter time,Dawn Hensley,Biography,1984-03-03,113,True,23.04
Start wide political,Carrie Anderson,Romance,1981-05-10,856,False,18.2
Particularly far throw quickly,Tony Daugherty,Romance,1971-05-20,630,False,18.77
Thus how interest front truth,Adam Griffin,Fantasy,1933-02-28,594,False,14.89
Than issue cold forward,Christopher Williams,Romance,1957-06-09,625,True,24.97
Begin ever sing data bar,Fred Atkins,Self-Help,1957-02-04,1117,False,20.11
Main security dog night,Elizabeth Lutz,Fantasy,1968-10-06,550,False,32.06
Night street share federal,Dean Randall,Non-Fiction,1978-08-20,676,False,25.48
Live half better,Elizabeth Lutz,Self-Help,1944-06-26,480,True,42.45
Chair score,Ashley Campos,Science Fiction,2005-07-05,421,False,39.42
Experience American modern raise,Michael Wood,Non-Fiction,1939-02-08,837,False,26.44
Find home well yes,David Avila,Fiction,1916-07-26,117,False,37.9
Practice goal me,Phillip Brown,Romance,1953-07-09,165,True,20.65
Question report cell time six,Dean Randall,Non-Fiction,1914-10-05,1053,True,11.8
Artist language benefit decide seem,Wanda Swanson,Science Fiction,1930-07-01,1176,True,5.23
Wait offer shake,David Avila,Mystery,1935-01-21,251,False,33.27
They choose tree song,Dana Duncan,Mystery,1919-12-04,319,False,26.22
Certain experience throw would sell,Anthony Wilcox,Thriller,1984-11-16,323,True,8.84
So may,Frank Bell,Non-Fiction,2001-08-25,1133,False,24.04
Security manager Mrs happen,Tracy Johnson,Biography,2007-12-21,1134,False,34.58
Agency loss affect good born,Andrea Adams,Romance,1920-10-10,140,False,39.32
Sometimes away,Adam Griffin,Thriller,1931-11-05,459,False,37.78
Stand book story exactly above,Tracy Johnson,Science Fiction,2006-11-27,780,False,31.0
Few debate force class itself,Jeffrey Jones,Science Fiction,1986-08-03,243,False,17.74
Program include compare,Jeffrey Jones,Mystery,1984-08-27,699,True,7.91
Bill measure television,Kevin Wise,Romance,1959-01-13,1014,True,16.72
Pick together,Elizabeth Johnson,Science Fiction,1975-01-24,636,False,48.78
Successful week hospital,Carlos Rodriguez,Biography,1903-02-02,844,False,46.69
Mention top only instead current,Carrie Anderson,Biography,1989-07-04,510,False,19.27
Day without assume,Hayden Jones,Thriller,1980-09-20,1065,False,29.91
Cover nature reveal,Elizabeth Lutz,Fantasy,1984-04-28,538,False,30.71
Moment fall response contain hundred,Kristin Melton,Fiction,2010-09-05,1040,False,23.07
Manage may just daughter we,Tony Daugherty,Mystery,1980-08-13,141,True,5.01
Mrs first record account put,Eric Dominguez,Thriller,1908-09-24,517,False,23.16
After certainly theory,Tracy Johnson,Self-Help,1900-03-08,378,False,6.19
Present today no conference,Michael Holland,Romance,1909-11-11,711,True,32.34
Hospital table step easy,Elizabeth Lutz,Fantasy,1904-12-25,815,True,23.06
Expect meet dream,Lydia Barron,Thriller,1938-06-14,513,False,38.34
Another local,Kevin Hunt,Science Fiction,1934-09-23,982,True,41.23
Painting protect others modern,Bradley Harris,History,1975-03-20,1147,True,39.97
Space box record member cold,Adam Griffin,Biography,1950-11-17,274,False,14.39
Eye environment east air couple,Kenneth Lucas,Science Fiction,1931-09-15,630,True,35.62
Majority myself,Craig Stanley,Fantasy,1913-12-27,486,False,17.68
Democrat safe you garden,Daniel Hall,History,1934-12-10,400,True,42.64
Rather finally technology ball environment,Adam Griffin,Fiction,1932-08-09,1173,True,34.04
Growth book ability,Kevin Wise,Self-Help,1900-01-06,580,True,45.87
Why throughout fear,Caitlin Barber,Science Fiction,1943-10-05,160,False,36.1
Later suddenly focus by,Crystal Perry,Fiction,1911-02-13,249,True,36.55
Season throw century,Kevin Hunt,Self-Help,1981-01-11,217,True,13.57
Serve would best,Caitlin Barber,Thriller,1988-10-28,1101,False,40.34
How two,Russell Pearson,Non-Fiction,1991-04-21,1130,True,24.33
Do phone beyond watch have,Crystal Perry,Biography,1970-05-19,737,True,28.21
Well production boy,Russell Pearson,Self-Help,2014-05-16,978,True,33.05
Stage level pretty particular,Kevin Hunt,Self-Help,2015-04-02,1134,False,10.59
Its least south,Fred Atkins,Biography,1974-12-23,123,False,26.44
Trip garden risk market,Dr. Tina Lopez,Non-Fiction,1984-05-23,511,False,46.96
Grow until this occur source,Ryan Hendricks,Romance,1923-08-01,700,True,41.22
Suffer school society produce these,Krista Smith,Self-Help,1939-07-14,935,True,19.31
Recognize ever know morning road,Daniel Hall,Fiction,1947-09-04,1100,True,47.57
Everybody challenge man detail,Tony Daugherty,Fantasy,1986-09-08,852,False,23.53
Statement the,Lydia Barron,History,1911-12-28,199,True,29.39
Wait film,Tony Daugherty,Fantasy,1990-11-20,440,True,40.51
Daughter system,Carlos Rodriguez,Mystery,1947-02-19,719,True,24.96
Fund firm listen medical student,Christopher Williams,Self-Help,1942-07-21,1094,True,40.83
Fast girl,Anthony Wilcox,Thriller,1925-08-22,813,True,13.87
Natural from interest law,Angela Hunt,Biography,1962-08-12,849,False,16.44
Form among north central along,Craig Stanley,Self-Help,1994-08-12,953,False,36.72
Choose national,Kristin Melton,History,1993-09-29,215,True,38.92
Nature material suffer side decade,William Shea,History,2016-08-01,663,True,17.66
Project claim anyone,Lydia Barron,Fiction,1905-11-07,1175,False,21.75
After standard small but including,Michael Wood,Romance,1965-06-16,590,True,32.79
Light hotel attorney,Ryan Hendricks,Fiction,1970-11-08,423,False,40.15
Get thing glass,Carrie Anderson,Science Fiction,1991-07-12,911,True,36.31
Likely break front,Dr. Tina Lopez,Biography,1956-03-11,938,True,18.73
Herself baby,Fred Atkins,Self-Help,1933-07-16,1021,False,37.7
Product evening receive likely serious,Danielle Moore,Biography,2010-09-18,753,True,44.46
Clear already each network,Deborah Ingram,Mystery,1906-04-07,1123,False,33.45
Factor program vote sense report,Deborah Ingram,Thriller,1906-06-15,864,True,20.61
Describe adult particularly,Dr. Tina Lopez,Thriller,1971-05-22,591,True,20.83
Loss cause color seem,Michael Holland,History,1900-02-06,874,False,46.93
Single rich create,Lydia Barron,Thriller,1901-06-23,717,True,10.78
Scientist teach resource film color,Phillip Brown,Biography,1971-05-02,256,True,34.19
Beat police alone wish,Krista Smith,Fantasy,1927-12-10,1160,False,12.38
Difficult well game,Bradley Harris,Self-Help,2005-02-14,662,False,45.58
Each beat never mean,Hayden Jones,Self-Help,1900-06-13,607,True,39.4
Thus much they laugh,Eric Dominguez,Thriller,1901-08-26,798,True,21.2
She couple interview,Frank Bell,Fiction,2021-09-17,431,True,13.37
Quite throughout material rule,Jennifer Aguirre,Non-Fiction,1965-08-17,197,True,46.19
Let let herself,Ryan Hendricks,Self-Help,1976-09-09,463,True,22.55
Often town magazine table,Craig Boyd,Non-Fiction,1966-09-08,570,False,48.05
Popular trade,Brittany Freeman,Self-Help,2006-10-01,304,False,49.42
Consumer soon might stop imagine,Ashley Campos,Fantasy,1919-10-25,963,False,24.35
Over improve family,Dawn Hensley,Self-Help,1976-02-20,1049,False,7.41
Hotel stuff wrong open,Carlos Rodriguez,Non-Fiction,1956-01-07,952,False,44.95
Lose will agent,Danielle Moore,Fiction,1987-02-04,275,False,21.83
Girl style consider,Deborah Ingram,Romance,1991-06-02,426,False,19.54
Ability arm,Jennifer Gallagher,History,2018-04-16,714,False,10.38
Sea serve special,Dean Randall,Fiction,1943-01-22,135,False,35.58
Series offer,William Shea,Romance,2015-09-16,556,False,48.04
Eight learn seven upon,Craig Boyd,Fiction,1974-03-23,464,True,46.58
Shake of power enough,Carlos Rodriguez,Self-Help,1900-06-27,612,True,14.84
Production the despite understand,Lucas Baker,Mystery,1935-02-18,1015,False,13.1
Listen share,Kristin Melton,Fiction,2011-04-21,909,True,30.39
Modern event,Dean Randall,Non-Fiction,1941-08-19,1054,False,38.33
Health dark,Wanda Swanson,Biography,2023-03-11,1128,False,39.39
Design themselves,Anthony Wilcox,Fiction,2023-06-04,285,True,25.25
Person financial popular beat,Andrea Adams,Science Fiction,1993-11-02,236,False,14.46
Them mean property,Dana Duncan,Non-Fiction,1941-01-03,1121,True,47.62
Health apply on require indicate,Andrea Adams,Fiction,2019-11-04,152,True,41.19
Team individual,Andrea Adams,History,1985-08-06,1026,True,19.56
Term each some,Jeffrey Jones,Mystery,1960-05-08,819,False,48.58
Brother road think night,David Avila,Science Fiction,1970-10-30,1015,True,30.23
Change if involve,Tracy Johnson,Thriller,1916-07-09,534,False,5.34
For but apply owner perhaps,Kristin Melton,Biography,1996-10-08,491,False,7.18
Past friend nation simply general,Phillip Brown,Mystery,1988-12-04,865,True,16.4
Dark represent style,Angela Hunt,Non-Fiction,1947-10-27,832,True,40.41
Look air others go key,Adam Griffin,History,1979-08-13,743,False,12.59
Debate all floor rest activity,Fred Atkins,Biography,1955-09-11,581,False,22.09
Good stuff senior yes,Jeffrey Jones,Mystery,1967-09-30,1098,True,33.52
Campaign star option,Deborah Ingram,Thriller,1957-03-19,212,True,24.56
Debate catch usually,Carrie Anderson,Non-Fiction,1938-02-11,841,True,39.87
Though traditional suffer prove fine,Daniel Hall,History,2003-05-22,877,False,11.84
Hospital also,Wanda Swanson,Fiction,1903-12-17,667,True,15.96
Various she hope however,Jeffrey Jones,Non-Fiction,1937-11-05,865,True,36.2
Series part traditional,Dawn Hensley,Fiction,1983-11-24,967,False,24.45
Western south week space,Jennifer Gallagher,Romance,2018-05-31,1038,True,35.52
Attention surface real,Robert Irwin,Romance,1964-07-20,1032,False,28.1
Truth enter local join pressure,Michael Holland,Fiction,1971-11-25,481,False,49.19
Religious personal clear,Russell Lee,Biography,1961-03-23,848,True,36.15
Themselves family manage appear ball,Eric Dominguez,Fiction,1941-09-28,676,True,40.14
Parent box third,Lydia Barron,History,1926-12-21,1163,False,36.09
Too if own,Kristin Melton,Fantasy,1904-04-24,407,True,33.29
Management listen husband so nothing,Craig Stanley,Fantasy,1912-08-15,807,True,37.64
Theory kid similar,James Mays,History,1909-07-25,848,True,33.88
Rest develop word,Robert Irwin,Fiction,1966-03-03,213,False,5.81
Much someone,Russell Lee,Science Fiction,2012-10-10,177,False,39.65
Ago nature movie study,Michael Wood,Science Fiction,1935-10-09,1178,True,15.21
Involve control also fine,Christopher Williams,Romance,1930-07-12,1080,True,27.17
Sort strong example,Jennifer Aguirre,Non-Fiction,1934-05-02,379,False,17.9
Identify suffer,Carlos Rodriguez,Non-Fiction,1987-07-24,174,True,36.61
Pretty the experience instead,Bradley Harris,Romance,1992-03-28,1099,False,41.88
Happy by resource,Tony Daugherty,Mystery,1918-07-30,499,False,39.46
Expert political plan capital,Craig Stanley,Thriller,1925-10-12,977,False,28.0
Able your north consider,Carrie Anderson,Biography,1905-02-22,118,True,7.83
Alone us,Dean Randall,Self-Help,1917-04-05,223,True,39.55
Middle tree,Russell Lee,History,1932-12-18,327,False,49.15
Wonder information quickly work everyone,Carlos Rodriguez,Mystery,1981-07-20,543,False,16.73
Call against fire pressure,Eric Dominguez,Self-Help,1975-03-16,468,False,9.94
Since heavy him partner,Jennifer Aguirre,Fantasy,1915-10-07,405,True,44.17
Actually which able,David Avila,History,1917-05-06,753,True,32.61
Teacher member,Jennifer Aguirre,Science Fiction,1906-08-26,726,False,40.47
Way house final,James Mays,History,1917-05-21,293,False,36.88
Always hold dog science,Frank Bell,History,2023-10-28,695,False,18.1
Significant ground very,Crystal Perry,Fantasy,1993-04-15,580,False,48.08
Approach challenge nice fish,Phillip Brown,Fantasy,2022-04-19,549,True,34.92
Yourself night true seven,Tony Daugherty,Romance,1922-11-16,109,False,11.45
Teacher none stuff nearly,Anthony Wilcox,Non-Fiction,1929-09-24,981,False,20.12
Black rest security,Michael Holland,Romance,2014-03-14,620,True,47.14
Democratic technology bar,Bradley Harris,Thriller,1998-08-09,251,False,19.22
Lose follow dog,Dawn Hensley,Non-Fiction,1997-05-03,933,True,21.95
Case gas,Tony Daugherty,Non-Fiction,1928-04-03,223,True,23.12
Job television,Russell Pearson,Mystery,2012-02-13,558,False,44.44
Cut draw matter window,Wanda Swanson,Non-Fiction,1943-11-06,610,False,9.91
Action second model,James Mays,Non-Fiction,1945-03-18,681,False,49.07
Oil west writer,Elizabeth Johnson,Science Fiction,2003-12-22,755,True,49.96
Eight kind direction chair,Kenneth Lucas,Science Fiction,1908-08-11,740,False,44.87
There however candidate back,Lucas Baker,Mystery,1943-09-14,352,False,46.83
According happen pattern him,Tracy Johnson,Thriller,1902-08-25,126,False,16.13
Land cost set,William Shea,Fantasy,1913-01-09,127,False,23.25
Know check this,Brittany Freeman,Science Fiction,1992-02-16,1034,False,48.07
Reveal design,Craig Stanley,Biography,1971-01-11,466,True,25.67
Two eye,Hayden Jones,Romance,2019-05-02,829,False,28.34
City we answer,Angela Hunt,Romance,1978-12-12,654,True,35.4
Sell agreement,David Avila,Romance,1947-01-03,710,True,43.68
Magazine media provide save,Crystal Perry,Thriller,1936-12-23,367,True,36.2
Around like new,Lucas Baker,Mystery,1993-12-01,1080,True,32.98
Through five seem serious,Brittany Freeman,Fantasy,1900-05-27,975,True,5.89
Worker type local job,Daniel Hall,Mystery,2009-07-18,1131,False,41.22
Enjoy agreement couple,Fred Atkins,Romance,1974-08-17,838,True,49.11
Our deal analysis activity,Kevin Wise,Romance,2022-02-04,683,True,31.75
Method fire table remember,Kevin Wise,Biography,1900-02-24,1049,True,18.9
Feeling investment new,Kristin Melton,Biography,1970-04-20,647,True,29.08
Great art list national baby,Deborah Ingram,Non-Fiction,1921-08-31,485,False,24.3
Officer level world however,Danielle Moore,Fantasy,2003-12-21,868,True,15.85
Some capital drop,Daniel Hall,Self-Help,2022-03-28,827,False,20.82
Nation position see stock,Jennifer Gallagher,Fantasy,1959-11-10,149,True,8.41
Because rich hair single,Dr. Tina Lopez,History,2009-03-15,337,True,48.93
Hope least,Kenneth Lucas,Fiction,1946-01-30,857,False,36.46
Begin character about actually,Kristin Melton,History,1920-09-27,301,False,25.72
He edge significant century music,Lydia Barron,Fantasy,1963-11-01,1024,True,41.31
Nor soon check chair,Dawn Hensley,Fiction,2000-05-05,937,True,47.39
Power laugh nice simply,Adam Griffin,Mystery,1938-08-02,223,False,19.31
Again piece bad,Tracy Johnson,Science Fiction,1933-03-01,334,True,30.08
Factor continue number,David Avila,Biography,1930-07-24,254,True,6.81
Catch car room present,Jeffrey Jones,Thriller,2008-01-23,1155,True,39.4
East seven people,Ryan Hendricks,Self-Help,1959-07-04,324,True,24.53
Around fish,Angela Hunt,Romance,1994-07-15,711,False,7.84
City billion civil manager,Dana Duncan,Fiction,1937-05-22,321,False,25.72
Soon leader,Angela Hunt,Fiction,1968-08-05,754,True,36.69
Group allow wear,Carrie Anderson,Non-Fiction,1904-03-22,180,False,33.06
Much among position,Lydia Barron,Biography,1999-06-16,301,False,48.58
Scene want suffer work man,Elizabeth Johnson,Romance,1979-03-27,826,True,11.65
East sister defense,Dawn Hensley,Romance,1946-04-13,861,False,16.31
Success product support fire,Caitlin Barber,History,2001-05-16,1096,True,48.93
Difficult you pull,Craig Stanley,Fantasy,1981-08-20,997,True,10.23
Someone watch computer main,Lydia Barron,Mystery,1920-04-23,282,False,32.86
About onto,Jennifer Gallagher,Biography,1980-03-12,377,True,33.93
Safe yourself though there,William Shea,Science Fiction,1977-04-04,1139,False,45.11
Fire maintain piece real TV,Phillip Brown,Biography,1917-09-02,843,False,14.53
Begin old democratic,Anthony Wilcox,Science Fiction,2023-06-24,411,False,14.57
Manage dark act,Kevin Wise,Fiction,2018-06-30,266,True,47.53
Score interesting crime resource,Frank Bell,Romance,1915-05-10,512,True,29.81
Year civil,Deborah Ingram,Fiction,2009-10-29,1139,True,30.68
Watch turn,Phillip Brown,Science Fiction,1912-04-29,492,True,11.06
Simple television,Eric Dominguez,Romance,1909-12-19,438,True,41.98
